{"gen_end": 5, "highest_fitnesses": [563.675241990453, 558.1002359920249, 553.4732464838485, 510.2925951762298, 558.8399973989641], "average_fitnesses": [323.6860294483882, 250.65707106631376, 380.4348990680055, 280.6878300768196, 345.29111697742854]}