{"gen": 1000, "chromosome": [0.0562516052101123, 0.22273486487683847, 0.9240952475027462, 0.12136040433814821, 0.36991233942130264, 0.03458544026941557, 0.09727675923409418, 0.3463190096519483, 0.01718454848837192, -1.2333697871977352, 0.2579197315859022, 0.9764544576053558, 0.2767810064937136, 0.7960411516773032, 0.3165287988349196, -0.6436015821782138, 0.35316971980292744, 0.19362708120046312, 0.12977394190766256, 0.10583625915308847, 0.6279043264442014, 0.6008400483998908, 0.4323572581892322, 0.8045406755014507, 0.060289110532541046, 0.7254037938753286, 0.7747055037892678, 0.18685435851151055, 0.421992677787695, 0.13622410245185812, 0.30614291943631333, 0.730983384824196, 0.041326755807010285, -0.585965324096089, 0.686068065035189, 0.46699883972490386, 0.1849603556950019, 0.37001249365465716, 0.2732866455228795, -0.4379900492362585, 0.32263664311607254, 0.6243245787672393, 0.3724783693425209, 0.020050674451043582, 0.9013822779162186, 0.20997590958321244, 0.9878024770141436, 0.009668257407208669, 0.8597277360302558, 0.15764730609497057, 0.055294221496735796, 0.015495912053827832, 0.6438339059665545, 0.7936627842306706, 0.3047713303021877, 0.9116767434792257, 0.010030984854907055, 0.6099030919411699, 0.6930979105199606, 0.03677312170628788, 0.05293136373373919, 0.1979208028309688, 0.5710228664580782, 0.01075730168795419, -0.7071966247232945, 0.9588312808596009, 0.0017034906834921815, 0.17571796714970245, 0.0699039675275307, 0.027756746710460134, 0.13100024319172499, 0.0366704596467603, 0.5050436215182738, -0.4008694771654287, 0.4287452287523974, 0.325705909519595, 0.0607699189927593, 0.932911995764106, 0.9820850123866046, 0.9615199026044057, 0.29552831281942515, 0.8225200982769729, 0.4950964498656152, 0.4035045371380035, 0.34105715794363145, 0.3363319979258096, 0.09484008802811283, 0.6575876389958447, 0.8879314802614798, 0.37377914849690275, 0.05921832597715582, 0.6735986862944243, 0.6059857599703181, 0.9175633608739192, 0.6749585244027837, 0.7357106250502481, 0.30378220608188744, 0.9966083145542864, 0.9087734075067025, 0.47766724700252616]}