{"gen": 1000, "chromosome": [0.23718584446812008, 0.9032272080810018, 0.8885294430349042, 0.3560367579900051, 0.4629967902694475, 0.5494717210266056, 1.6430138870317317, -1.4642095629659777, 0.4556745497102952, 0.10246493684789293, -0.033919655275706666, 0.18551440747099224, 0.45189866566508297, 0.9975295538548085, 0.05210157221023659, 0.6327374677408886, 1.168256950145705, 0.9146178824092537, 0.8953656132581302, 0.43675303369415097, 0.5447341937189506, 0.2646746460452546, -0.22015979208839398, 0.8780610480783809, 0.05113049926874402, 0.9268131932341418, 0.6182606640402087, 0.25422339005431893, 0.9640425538662638, -1.2060069464109349, -0.09257719101570036, 0.10256686119924918, -0.6728997484741104, 0.47023052344463934, 0.22608334372113947, 0.2870254760031883, -0.7910945046603525, 0.46203612163509056, 0.29574127280071005, 0.542530548584951, 0.2799446984986146, -0.9920340982138491, 0.9127629288181462, 1.7969605341220927, 0.15506886101268302, 0.8264485856115348, -1.5589607920984647, 0.5973171376153679, 0.29185269072682685, 0.5333558301014062, 0.03194783218009689, -1.3087934267418744, 0.36095118649043556, 0.056523404623706086, -0.6030857766786833, 0.19953140335786046, 0.14020170104894158, 0.6752120136428402, -0.8260591465969077, 0.7151047801929641, -0.7127888808828882, -0.743745541579863, 2.2753633905124526, 0.6531051393623843, 0.9786884755787559, 0.7861321904599897, -0.10501843063534522, 0.2781961958721919, 0.054211946473374906, 0.14444722124130105, 0.3704986143636849, -0.28331792414469376, 0.5979541124100181, 0.6587571247622991, 0.6287851112556094, -1.0941776161888446, 0.37289520233950146, 0.15213068052933765, 0.3065829875488749, 1.0551894663089783, 0.5903631581939496, 0.20290399310285578, 1.9700189179057301, 0.035512536013267426, 1.869603375471146, -0.8158194922353257, 0.013365754610268121, 0.7843485276211546, 0.24050665567226626, -0.025992953987962135, 0.5751169957137625, 0.7803340863942652, 1.8803728792534398, 0.7907232377626672, -1.019830989100519, 0.2986983018791911, 0.3550076132484956, 0.7651923202566719, -1.357815829198105, 0.4888447091767888]}