{"gen": 5, "chromosome": [-1.6926412747864978, -0.009821174975593068, 0.478162549010016, -0.4732379571319118, -0.1694207088095731, 2.575764866989895, -0.933141595967033, 0.5664113789153272, -0.559918312564524, -0.18050157698115674, -1.036915827593408, -0.4307782628674834, 2.235376964976837, -1.0535073603832101, -1.166816881916058, -0.48111586040549564, -0.8350991956853607, -0.8584506927169593, -2.5481265724494215, -0.7593244792648437, 0.6923550381100494, -0.4164809745460701, -0.12939180248614485, -0.7251410764360902, -0.36214482503645723, -0.7231194906215355, -0.3685419786794276, -0.028273923359593, 0.6653698549817475, -0.4135393341892568, 0.5844575406539371, -0.28407757615810686, 1.3202783995650171, -1.0406389055964913, -0.14594718264113044, -2.2504090640168566, -0.5775064850311751, -0.09410356476137684, 0.941339261753842, 0.35860807799811867, -1.0624456633316637, -0.7061687527657557, 1.4333308685406323, -0.06810011205086008, -0.3639130411182498, -0.8906783353901331, 1.4871104874821732, 0.2272758185410057, 1.1261318809902963, 0.7349015434900394, -1.240479870485348, 0.13229904526635947, -1.3407125184535442, 2.677835897902034, -1.9143413821756494, -0.8048778414935964, 0.4055344823173144, 0.3441008051857488, -0.4837520734090318, 0.19252838261803604, 0.6206080395307834, -2.095706071190943, -0.39873416928290384, -0.008159260674026215, 2.4037533415536565, 0.60262789519194, 0.9294750077939805, 0.3949612436635456, -0.2245554048046058, -0.7974764130395369, -0.3584065628027068, -0.2700022075471464, -0.03888591611243113, -0.025490052541912268, 0.20566942477435302, -0.6883036773772647, 1.7751349826659777, 0.9714052007296037, -0.8450099643668887, 0.9298725286909402, 1.3810359925919728, 0.332615890089904, -0.8039873694600203, 0.8713762753445407, -0.19460882927017573, -0.7531701335780291, 0.5590197147319674, -0.1010220612127864, -0.3514505110121143, -0.037571633373626456, 0.22273669418195308, 1.5313395322172798, -0.03169922970611447, 0.6656046674385075, -0.9054507239909758, -0.8217543141349838, 0.1982100509156618, 0.10301062426790092, -0.32009748823595185, 2.09107631807946]}