{"gen": 100, "chromosome": [0.5853097046989015, -1.4995411561005927, 0.8387852467933588, 0.2522757691116483, 0.2705231214741565, 0.21168084952946228, -0.5697641698328526, -1.7363826033635836, 0.19496312541159955, -1.6634618761716924, 0.923025467651863, -0.23309862256229313, -1.232150840418873, 0.2684453453394314, 0.10663950240168253, 1.0121299818631386, -2.4899200651866296, -1.4885843206590201, 0.3745718793072761, 0.07062549418221453, 0.3534030402338088, 0.6959562768568126, 0.21168506386718844, 0.08891296454418685, -0.6655928700724613, 0.6384399981417107, 0.4379579806162155, 0.15605913537838378, -0.5231768271815369, -0.5878874991903337, 0.42520664535430874, -0.5283785497344111, 0.5570715871761547, 0.011020234874001833, 0.20198603297012893, -0.9887563342286476, 1.104190306085054, -0.6371000686577601, 0.2599127425545842, -1.0763627990328994, 0.08373330328527531, -1.7866060480699149, 0.026017293463524285, 0.5791498215732007, 0.2961843707525738, -0.8574217015471541, 0.8771416411660139, 0.45028759438703264, -0.8415977876137015, -0.3393687945629121, 0.2345408561513438, 0.840276304663489, 0.520013112357153, -0.4934088167859978, -0.24600181198326868, 1.5404223764040241, 0.5440991441706948, 0.9615974241827456, 0.7954632218493743, 0.7526919871851143, -1.3848171824768418, 0.7092237666065758, 0.3603638884815653, -0.8896157881243472, 0.6422962275394025, -0.7335971464751915, 0.09585216234125671, 0.43866106859809706, 0.5409410073493968, 0.04542396766476109, 1.0141994009257902, -1.6120646504027798, 0.7382314870051566, 0.6219397915042911, -0.6169296309956468, 0.7498249614157406, -0.2939931019766786, 0.9053629166831321, 0.21663323463583506, 0.511769581164832, 0.6105493191722977, 0.8769951306676042, 0.17585181065782785, 1.4351304193905725, -0.9193105406091112, 0.2514659421869382, 0.7139815257042613, -0.0036344178834480842, 0.1925579501138415, 0.28100658401878287, 0.6643765928673859, 0.48614690253954307, -0.4758159234355602, 0.6086150360390797, -0.6941699844251931, 0.3210441878452566, -1.2735482605860362, 1.2812346619044344, -0.506863314015187, -0.6343294111729043]}